               epoch,      train/box_loss,      train/cls_loss,      train/dfl_loss,   metrics/precision,      metrics/recall,     metrics/mAP_0.5,metrics/mAP_0.5:0.95,        val/box_loss,        val/cls_loss,        val/dfl_loss,               x/lr0,               x/lr1,               x/lr2
                   0,              2.3876,              6.8801,              1.3811,             0.31542,             0.30801,             0.17273,             0.12758,                   0,                   0,                   0,            0.070417,            0.003287,            0.003287
                   1,              2.2496,              4.3033,              1.2427,             0.43342,              0.2725,              0.2811,              0.1757,                   0,                   0,                   0,            0.040351,           0.0065548,           0.0065548
                   2,              2.3687,              4.0069,              1.2592,             0.29616,             0.34135,             0.25695,             0.15208,                   0,                   0,                   0,             0.01022,           0.0097566,           0.0097566
                   3,              2.3352,               3.767,              1.2636,             0.50275,             0.25104,             0.22571,             0.13142,                   0,                   0,                   0,            0.009703,            0.009703,            0.009703
                   4,              2.4023,              3.5866,              1.2734,             0.53207,             0.33294,             0.31582,             0.18919,                   0,                   0,                   0,            0.009703,            0.009703,            0.009703
                   5,              2.3547,               3.242,              1.2636,             0.57306,             0.27735,             0.30073,             0.19179,                   0,                   0,                   0,            0.009604,            0.009604,            0.009604
                   6,              2.3006,              3.1632,              1.2676,             0.42747,             0.36709,             0.34923,             0.18064,                   0,                   0,                   0,            0.009505,            0.009505,            0.009505
                   7,               2.343,              3.0555,              1.2636,             0.44837,             0.39789,              0.3999,             0.26273,                   0,                   0,                   0,            0.009406,            0.009406,            0.009406
                   8,              2.2714,              2.8741,              1.2412,             0.55627,             0.37431,             0.42498,             0.26277,                   0,                   0,                   0,            0.009307,            0.009307,            0.009307
                   9,              2.2121,              2.7937,              1.2426,             0.60948,             0.35994,             0.44359,             0.28072,                   0,                   0,                   0,            0.009208,            0.009208,            0.009208
                  10,              2.2511,              2.7692,              1.2165,             0.54587,              0.4559,               0.525,             0.27095,                   0,                   0,                   0,            0.009109,            0.009109,            0.009109
                  11,              2.1636,              2.5694,              1.2171,             0.43856,             0.55642,             0.50496,             0.28846,                   0,                   0,                   0,             0.00901,             0.00901,             0.00901
                  12,              2.1607,              2.5865,              1.2182,             0.54109,             0.41364,              0.5005,             0.28047,                   0,                   0,                   0,            0.008911,            0.008911,            0.008911
                  13,              2.0869,              2.4564,              1.2026,             0.53546,             0.47436,             0.54158,             0.32967,                   0,                   0,                   0,            0.008812,            0.008812,            0.008812
                  14,              2.0865,              2.4453,              1.1972,             0.62574,             0.47557,             0.57336,             0.35107,                   0,                   0,                   0,            0.008713,            0.008713,            0.008713
                  15,              2.0696,              2.4106,              1.2074,             0.55129,             0.56965,             0.60756,             0.36702,                   0,                   0,                   0,            0.008614,            0.008614,            0.008614
                  16,              2.0612,              2.3343,              1.1817,             0.58872,             0.53321,             0.53461,             0.34281,                   0,                   0,                   0,            0.008515,            0.008515,            0.008515
                  17,              2.0854,              2.3824,              1.1734,             0.50537,             0.50891,             0.53691,             0.33205,                   0,                   0,                   0,            0.008416,            0.008416,            0.008416
                  18,              2.0138,              2.2881,              1.1721,             0.47041,             0.58488,             0.60765,             0.39564,                   0,                   0,                   0,            0.008317,            0.008317,            0.008317
                  19,              2.0006,              2.2498,              1.1946,             0.68454,             0.53122,             0.66475,             0.41605,                   0,                   0,                   0,            0.008218,            0.008218,            0.008218
                  20,              1.9799,              2.1908,              1.1768,             0.61125,             0.54885,             0.63124,             0.37134,                   0,                   0,                   0,            0.008119,            0.008119,            0.008119
                  21,               1.975,              2.2244,              1.1724,             0.56886,             0.64423,             0.66809,             0.40315,                   0,                   0,                   0,             0.00802,             0.00802,             0.00802
                  22,              1.9568,              2.1214,               1.164,             0.52519,             0.67587,             0.69858,             0.42128,                   0,                   0,                   0,            0.007921,            0.007921,            0.007921
                  23,              1.9445,              2.1014,              1.1623,             0.56388,             0.58711,             0.67086,             0.37941,                   0,                   0,                   0,            0.007822,            0.007822,            0.007822
                  24,               1.958,              2.0504,              1.1718,             0.47783,             0.68704,              0.7094,             0.43518,                   0,                   0,                   0,            0.007723,            0.007723,            0.007723
                  25,              1.8731,              1.9677,              1.1478,              0.7118,             0.55884,             0.73285,             0.45593,                   0,                   0,                   0,            0.007624,            0.007624,            0.007624
                  26,              1.8593,              1.9382,                1.14,             0.54012,             0.63885,             0.69321,             0.45418,                   0,                   0,                   0,            0.007525,            0.007525,            0.007525
                  27,              1.8687,              1.9566,              1.1447,             0.48493,             0.72107,             0.72428,             0.45046,                   0,                   0,                   0,            0.007426,            0.007426,            0.007426
                  28,              1.9002,              1.9332,              1.1557,             0.58834,             0.64634,             0.68822,             0.46616,                   0,                   0,                   0,            0.007327,            0.007327,            0.007327
                  29,              1.8327,              1.8572,              1.1525,              0.4878,             0.72248,             0.72132,             0.45667,                   0,                   0,                   0,            0.007228,            0.007228,            0.007228
                  30,              1.8334,              1.8646,              1.1417,             0.64985,             0.57873,              0.6782,             0.45081,                   0,                   0,                   0,            0.007129,            0.007129,            0.007129
                  31,              1.8381,              1.8357,              1.1407,              0.4867,             0.72251,             0.71072,             0.46204,                   0,                   0,                   0,             0.00703,             0.00703,             0.00703
                  32,              1.8128,              1.8153,              1.1351,               0.649,             0.68556,             0.81772,             0.49192,                   0,                   0,                   0,            0.006931,            0.006931,            0.006931
                  33,              1.8498,              1.7997,              1.1442,             0.58718,             0.73916,             0.79154,             0.48894,                   0,                   0,                   0,            0.006832,            0.006832,            0.006832
                  34,              1.8331,              1.7568,              1.1248,             0.55632,             0.69769,             0.71559,             0.45076,                   0,                   0,                   0,            0.006733,            0.006733,            0.006733
                  35,              1.7853,              1.7348,              1.1263,             0.69628,             0.65232,             0.75716,             0.48543,                   0,                   0,                   0,            0.006634,            0.006634,            0.006634
                  36,              1.7886,              1.7222,              1.1291,             0.67264,             0.65108,             0.78434,             0.48859,                   0,                   0,                   0,            0.006535,            0.006535,            0.006535
                  37,              1.7771,              1.7065,              1.1224,             0.73621,             0.67708,             0.80026,             0.51251,                   0,                   0,                   0,            0.006436,            0.006436,            0.006436
                  38,              1.7606,              1.6612,              1.1301,             0.76491,             0.61646,              0.7798,             0.50929,                   0,                   0,                   0,            0.006337,            0.006337,            0.006337
                  39,              1.7394,              1.6446,              1.1157,             0.62196,             0.68527,             0.76971,             0.51896,                   0,                   0,                   0,            0.006238,            0.006238,            0.006238
                  40,               1.744,              1.6788,              1.1132,             0.68308,             0.69774,             0.75532,             0.49553,                   0,                   0,                   0,            0.006139,            0.006139,            0.006139
                  41,              1.6957,              1.6129,              1.1155,             0.65912,             0.77003,             0.82973,             0.57794,                   0,                   0,                   0,             0.00604,             0.00604,             0.00604
                  42,              1.7155,              1.6134,              1.1166,             0.80383,             0.73698,             0.83053,             0.57063,                   0,                   0,                   0,            0.005941,            0.005941,            0.005941
                  43,              1.7415,              1.5911,              1.1136,             0.76366,             0.67794,             0.83225,             0.55433,                   0,                   0,                   0,            0.005842,            0.005842,            0.005842
                  44,               1.712,              1.6001,               1.124,             0.68259,              0.8351,             0.86604,             0.60836,                   0,                   0,                   0,            0.005743,            0.005743,            0.005743
                  45,              1.7233,              1.6071,              1.1165,             0.74737,             0.68183,             0.83186,             0.56204,                   0,                   0,                   0,            0.005644,            0.005644,            0.005644
                  46,              1.6608,              1.4984,               1.114,             0.68197,             0.76732,             0.82556,             0.58011,                   0,                   0,                   0,            0.005545,            0.005545,            0.005545
                  47,              1.6793,              1.4838,              1.0986,             0.69468,             0.82269,             0.85951,              0.5868,                   0,                   0,                   0,            0.005446,            0.005446,            0.005446
                  48,              1.6591,              1.4498,              1.0992,             0.73513,             0.64183,             0.82495,              0.5623,                   0,                   0,                   0,            0.005347,            0.005347,            0.005347
                  49,              1.6887,              1.5311,              1.1074,             0.73348,             0.79534,             0.90122,             0.60849,                   0,                   0,                   0,            0.005248,            0.005248,            0.005248
                  50,              1.6276,              1.4802,              1.1038,              0.7446,             0.70842,             0.86682,             0.55841,                   0,                   0,                   0,            0.005149,            0.005149,            0.005149
                  51,              1.6561,              1.4647,              1.1094,             0.64378,             0.79642,             0.84696,             0.58323,                   0,                   0,                   0,             0.00505,             0.00505,             0.00505
                  52,              1.6523,              1.4524,              1.1007,             0.66419,             0.79701,             0.84747,             0.58968,                   0,                   0,                   0,            0.004951,            0.004951,            0.004951
                  53,              1.5958,              1.4247,              1.1067,             0.81752,             0.71779,             0.90172,             0.63733,                   0,                   0,                   0,            0.004852,            0.004852,            0.004852
                  54,              1.5951,               1.396,              1.1026,             0.66717,             0.82802,             0.89456,             0.59016,                   0,                   0,                   0,            0.004753,            0.004753,            0.004753
                  55,              1.5825,               1.362,              1.1002,             0.74103,             0.79783,             0.85924,             0.59719,                   0,                   0,                   0,            0.004654,            0.004654,            0.004654
                  56,              1.5886,              1.3645,              1.0872,             0.63515,             0.82154,             0.83764,             0.61141,                   0,                   0,                   0,            0.004555,            0.004555,            0.004555
                  57,               1.613,              1.4285,              1.0938,             0.77132,             0.79264,             0.89099,             0.63683,                   0,                   0,                   0,            0.004456,            0.004456,            0.004456
                  58,              1.5807,              1.3842,               1.094,             0.73598,             0.81042,             0.89525,             0.62599,                   0,                   0,                   0,            0.004357,            0.004357,            0.004357
                  59,              1.5576,               1.341,              1.0941,             0.71336,             0.81099,             0.87002,              0.6114,                   0,                   0,                   0,            0.004258,            0.004258,            0.004258
                  60,              1.5333,              1.3458,               1.095,             0.73723,             0.79728,              0.8754,             0.57089,                   0,                   0,                   0,            0.004159,            0.004159,            0.004159
                  61,                1.57,              1.3342,              1.0889,             0.79731,             0.78489,               0.895,              0.5865,                   0,                   0,                   0,             0.00406,             0.00406,             0.00406
                  62,               1.528,              1.2753,              1.0891,             0.64964,             0.84777,             0.85149,             0.60053,                   0,                   0,                   0,            0.003961,            0.003961,            0.003961
                  63,              1.5424,               1.298,              1.0857,             0.62451,             0.84462,             0.85147,             0.56581,                   0,                   0,                   0,            0.003862,            0.003862,            0.003862
                  64,              1.5128,              1.2506,              1.0809,             0.71318,             0.78502,             0.86531,             0.62811,                   0,                   0,                   0,            0.003763,            0.003763,            0.003763
                  65,              1.5269,              1.2586,              1.0819,             0.76963,             0.82013,              0.9053,             0.63898,                   0,                   0,                   0,            0.003664,            0.003664,            0.003664
                  66,              1.4701,              1.2301,              1.0735,             0.69937,             0.84672,             0.89604,             0.63493,                   0,                   0,                   0,            0.003565,            0.003565,            0.003565
                  67,              1.4705,              1.1906,              1.0774,             0.71481,             0.83854,             0.89866,             0.67552,                   0,                   0,                   0,            0.003466,            0.003466,            0.003466
                  68,              1.4816,              1.2199,              1.0811,             0.74116,              0.8481,             0.91593,             0.65431,                   0,                   0,                   0,            0.003367,            0.003367,            0.003367
                  69,              1.4674,              1.2014,              1.0818,              0.7097,             0.86566,             0.91251,             0.68267,                   0,                   0,                   0,            0.003268,            0.003268,            0.003268
                  70,              1.4665,              1.2065,              1.0785,             0.72074,             0.89837,             0.90836,             0.68549,                   0,                   0,                   0,            0.003169,            0.003169,            0.003169
                  71,              1.4402,              1.1601,              1.0768,             0.68275,             0.83299,             0.88582,             0.63412,                   0,                   0,                   0,             0.00307,             0.00307,             0.00307
                  72,              1.4251,              1.1387,              1.0718,             0.67649,             0.87522,              0.8988,             0.66671,                   0,                   0,                   0,            0.002971,            0.002971,            0.002971
                  73,               1.422,              1.1109,              1.0707,             0.75613,             0.82306,             0.88108,             0.65115,                   0,                   0,                   0,            0.002872,            0.002872,            0.002872
                  74,              1.4466,              1.1424,              1.0718,             0.73741,             0.83529,             0.89795,             0.65572,                   0,                   0,                   0,            0.002773,            0.002773,            0.002773
                  75,              1.4176,              1.0992,              1.0759,             0.77477,             0.82566,             0.90412,             0.64752,                   0,                   0,                   0,            0.002674,            0.002674,            0.002674
                  76,              1.4146,              1.1374,              1.0769,             0.76769,             0.86607,             0.91718,             0.65069,                   0,                   0,                   0,            0.002575,            0.002575,            0.002575
                  77,              1.3883,              1.0885,              1.0573,             0.72904,             0.88739,             0.90029,             0.64401,                   0,                   0,                   0,            0.002476,            0.002476,            0.002476
                  78,              1.3829,              1.0944,              1.0656,             0.78538,             0.81381,             0.91548,             0.66964,                   0,                   0,                   0,            0.002377,            0.002377,            0.002377
                  79,              1.3854,              1.0924,              1.0695,             0.81754,             0.78482,             0.93286,             0.69876,                   0,                   0,                   0,            0.002278,            0.002278,            0.002278
                  80,              1.3844,              1.0747,              1.0606,             0.78018,             0.82554,             0.89675,             0.67376,                   0,                   0,                   0,            0.002179,            0.002179,            0.002179
                  81,              1.3716,              1.0708,              1.0693,             0.85064,             0.82084,             0.91708,             0.66819,                   0,                   0,                   0,             0.00208,             0.00208,             0.00208
                  82,              1.3535,              1.0183,              1.0586,             0.84109,             0.82442,             0.91074,             0.68518,                   0,                   0,                   0,            0.001981,            0.001981,            0.001981
                  83,              1.3671,              1.0644,              1.0597,             0.76187,              0.8677,             0.92364,             0.66161,                   0,                   0,                   0,            0.001882,            0.001882,            0.001882
                  84,              1.3755,              1.0542,              1.0653,             0.79553,             0.88117,             0.92316,             0.69445,                   0,                   0,                   0,            0.001783,            0.001783,            0.001783
                  85,              1.3386,              1.0206,              1.0577,             0.78559,             0.83849,             0.93516,             0.70076,                   0,                   0,                   0,            0.001684,            0.001684,            0.001684
                  86,              1.3611,              1.0751,              1.0575,             0.76992,             0.85949,             0.93964,             0.70187,                   0,                   0,                   0,            0.001585,            0.001585,            0.001585
                  87,              1.3593,               1.023,              1.0603,             0.77311,             0.84148,             0.93117,              0.7059,                   0,                   0,                   0,            0.001486,            0.001486,            0.001486
                  88,               1.306,              1.0172,              1.0691,             0.72781,             0.88401,             0.93788,              0.7156,                   0,                   0,                   0,            0.001387,            0.001387,            0.001387
                  89,              1.3092,             0.99997,              1.0479,             0.80075,             0.85134,             0.93543,             0.70179,                   0,                   0,                   0,            0.001288,            0.001288,            0.001288
                  90,              1.3021,              1.0049,              1.0551,             0.79255,             0.84649,              0.9473,             0.71794,                   0,                   0,                   0,            0.001189,            0.001189,            0.001189
                  91,              1.2886,             0.98484,               1.054,             0.81281,              0.8213,             0.94562,             0.71103,                   0,                   0,                   0,             0.00109,             0.00109,             0.00109
                  92,              1.3101,              1.0065,              1.0528,             0.85911,             0.81574,             0.95318,             0.72848,                   0,                   0,                   0,            0.000991,            0.000991,            0.000991
                  93,              1.2644,             0.93923,               1.041,             0.76265,             0.87828,             0.94172,             0.72111,                   0,                   0,                   0,            0.000892,            0.000892,            0.000892
                  94,              1.3106,             0.98035,              1.0513,             0.75973,              0.8818,             0.94645,             0.72365,                   0,                   0,                   0,            0.000793,            0.000793,            0.000793
                  95,              1.2804,             0.96485,               1.045,             0.86497,              0.7835,             0.94743,             0.73338,                   0,                   0,                   0,            0.000694,            0.000694,            0.000694
                  96,               1.278,             0.94997,              1.0464,             0.76975,             0.85936,             0.94354,             0.71569,                   0,                   0,                   0,            0.000595,            0.000595,            0.000595
                  97,              1.2545,             0.95567,              1.0493,             0.78538,             0.84408,             0.94664,             0.72317,                   0,                   0,                   0,            0.000496,            0.000496,            0.000496
                  98,               1.284,             0.98425,              1.0614,             0.79141,             0.87348,             0.94036,             0.70726,                   0,                   0,                   0,            0.000397,            0.000397,            0.000397
                  99,              1.2658,              0.9531,              1.0508,             0.78879,             0.87619,             0.94265,             0.72051,                   0,                   0,                   0,            0.000298,            0.000298,            0.000298
